house_code,feed_name,event_date,qty_kg
BUNMAN1,포유,2025-12-03,4000
IMSIN1,임신,2025-12-03,4200
IMSIN2,임신,2025-12-03,10000
JONGBU,임신,2025-12-03,6000
BUNMAN1,포유,2025-12-09,7000
BUNMAN2,포유,2025-12-09,3010
IMSIN1,임신,2025-12-09,5300
JONGBU,임신,2025-12-09,9000
IMSIN1,임신,2025-12-13,5000
IMSIN2,임신,2025-12-13,11000
JONGBU,임신,2025-12-13,4190
SUNCHI,포유,2025-12-13,4100
BUNMAN1,포유,2025-12-18,5080
BUNMAN2,포유,2025-12-18,5000
IMSIN1,임신,2025-12-18,5000
JADON,2호벌크,2025-12-18,3000
JONGBU,임신,2025-12-18,5120
BUNMAN1,포유,2025-12-24,5220
BUNMAN2,포유,2025-12-24,5000
IMSIN1,임신,2025-12-24,3000
IMSIN2,임신,2025-12-24,8000
JONGBU,임신,2025-12-24,3100
IMSIN1,임신,2025-12-27,5000
IMSIN2,임신,2025-12-27,4030
JADON,2호벌크,2025-12-27,2000
JONGBU,임신,2025-12-27,5000
BUNMAN1,포유,2025-12-30,5000
BUNMAN2,포유,2025-12-30,5200
IMSIN2,임신,2025-12-30,5060
JADON,2호벌크,2025-12-30,3000
JADON,3호벌크,2025-12-30,4000
BUNMAN2,1호지대,2025-12-31,200
IMSIN1,임신,2026-01-05,6000
IMSIN2,임신,2026-01-05,6000
JADON,2호벌크,2026-01-05,5000
JONGBU,임신,2026-01-05,5000
BUNMAN1,포유,2026-01-07,5080
BUNMAN2,포유,2026-01-07,5000
IMSIN1,임신,2026-01-07,5000
IMSIN2,임신,2026-01-07,4210
JONGBU,임신,2026-01-07,5000
BUNMAN2,포유,2026-01-09,5000
JADON,2호벌크,2026-01-09,5000
JADON,3호벌크,2026-01-09,4000
BUNMAN1,포유,2026-01-13,1000
IMSIN1,임신,2026-01-13,2000
IMSIN2,임신,2026-01-13,5000
JADON,3호벌크,2026-01-13,5000
BUNMAN1,포유,2026-01-16,4000
JONGBU,임신,2026-01-16,4000
IMSIN1,임신,2026-01-17,8000
JADON,2호벌크,2026-01-17,3000
JADON,3호벌크,2026-01-17,5000
IMSIN2,임신,2026-01-19,4000
JADON,3호벌크,2026-01-19,5000
BUNMAN2,포유,2026-01-20,4000
BUNMAN1,포유,2026-01-22,4000
JONGBU,임신,2026-01-22,5000
JADON,3호벌크,2026-01-23,1000
JONGBU,임신,2026-01-23,3000
SUNCHI,포유,2026-01-23,3000
BUNMAN2,포유,2026-01-24,3000
IMSIN1,임신,2026-01-24,4000
IMSIN2,임신,2026-01-24,5000
JADON,2호벌크,2026-01-24,2000
JADON,3호벌크,2026-01-24,5000
YUKSUNG,3호벌크,2026-01-26,8000
BUNMAN1,포유,2026-01-27,1000
BUNMAN2,포유,2026-01-27,4000
IMSIN2,임신,2026-01-27,5000
JADON,3호벌크,2026-01-27,1000
JADON,3호벌크,2026-01-28,5000
IMSIN1,임신,2026-01-29,5000
JADON,2호벌크,2026-01-29,3000
YUKSUNG,체인지,2026-01-30,4000
JONGBU,임신,2026-01-31,5000
IMSIN1,임신,2026-02-02,5000
IMSIN2,임신,2026-02-02,5000
JADON,3호벌크,2026-02-02,5000
YUKSUNG,체인지,2026-02-02,4000
YUKSUNG,젖돈,2026-02-03,5500
JADON,3호벌크,2026-02-04,4000
JONGBU,임신,2026-02-04,5000
IMSIN2,임신,2026-02-05,5000
YUKSUNG,체인지,2026-02-05,1000
JADON,2호벌크,2026-02-06,3000
JADON,3호벌크,2026-02-06,5000
YUKSUNG,체인지,2026-02-06,3000
BUNMAN1,포유,2026-02-07,5000
YUKSUNG,젖돈,2026-02-07,5000
IMSIN1,임신,2026-02-09,5000
JADON,2호벌크,2026-02-09,4000
JADON,3호벌크,2026-02-09,4000
SUNCHI,포유,2026-02-09,5000
BUNMAN1,1호지대,2026-02-10,100
BUNMAN2,1호지대,2026-02-10,100
IMSIN2,임신,2026-02-11,5000
JONGBU,임신,2026-02-11,5000
YUKSUNG,젖돈,2026-02-11,5000
YUKSUNG,체인지,2026-02-11,4000
JADON,3호벌크,2026-02-12,5000
YUKSUNG,젖돈,2026-02-12,5000
BUNMAN2,포유,2026-02-14,5000
IMSIN1,임신,2026-02-14,5000
JADON,3호벌크,2026-02-14,5000
BUNMAN2,포유,2026-02-16,4000
IMSIN2,임신,2026-02-16,5000
JADON,3호벌크,2026-02-16,5000
YUKSUNG,젖돈,2026-02-16,5000
IMSIN1,임신,2026-02-18,4000
JONGBU,임신,2026-02-18,1000
YUKSUNG,체인지,2026-02-18,6000
JADON,2호벌크,2026-02-19,5000
IMSIN2,임신,2026-02-20,5000
YUKSUNG,젖돈,2026-02-20,10000
JADON,3호벌크,2026-02-21,5000
JONGBU,임신,2026-02-21,5000
BUNMAN1,포유,2026-02-23,5000
IMSIN1,임신,2026-02-23,5000
YUKSUNG,젖돈,2026-02-23,5000
IMSIN1,임신,2026-02-24,5000
JADON,3호벌크,2026-02-24,3000
JADON,3호벌크,2026-02-25,5000
YUKSUNG,체인지,2026-02-25,2000
BUNMAN1,포유,2026-02-26,5000
IMSIN2,임신,2026-02-26,5000
JADON,2호벌크,2026-02-26,3000
JADON,3호벌크,2026-02-26,3000
YUKSUNG,젖돈,2026-02-26,5000
IMSIN2,임신,2026-02-27,3000
JONGBU,임신,2026-02-27,2000
YUKSUNG,젖돈,2026-02-27,9000
JADON,3호벌크,2026-03-01,5000
JONGBU,임신,2026-03-01,5000
YUKSUNG,젖돈,2026-03-01,1000
SUNCHI,포유,2026-03-02,5000
YUKSUNG,젖돈,2026-03-02,7000
JADON,3호벌크,2026-03-04,5000
IMSIN1,임신,2026-03-05,5000
IMSIN2,임신,2026-03-05,5000
YUKSUNG,젖돈,2026-03-05,5000
YUKSUNG,체인지,2026-03-05,4000
BUNMAN2,포유,2026-03-06,5000
JADON,2호벌크,2026-03-06,4000
JADON,3호벌크,2026-03-06,5000
IMSIN1,임신,2026-03-07,1000
IMSIN2,임신,2026-03-07,4000
YUKSUNG,젖돈,2026-03-07,7000
GEOMJUNG,육성,2026-03-09,5000
YUKSUNG,젖돈,2026-03-09,8000
GEOMJUNG,육성,2026-03-10,5000
JADON,3호벌크,2026-03-10,8000
JONGBU,임신,2026-03-10,5000
IMSIN1,임신,2026-03-11,5000
JONGBU,임신,2026-03-12,5000
JADON,3호벌크,2026-03-13,5000
YUKSUNG,젖돈,2026-03-13,5000
BUNMAN2,포유,2026-03-14,5000
GEOMJUNG,육성,2026-03-14,8000
IMSIN1,임신,2026-03-14,5000
IMSIN2,임신,2026-03-14,5000
JADON,3호벌크,2026-03-14,3000
YUKSUNG,젖돈,2026-03-14,5000
BUNMAN1,포유,2026-03-16,4000
YUKSUNG,젖돈,2026-03-16,5000
JONGBU,임신,2026-03-17,5000
BUNMAN1,포유,2026-03-18,5000
IMSIN2,임신,2026-03-18,5000
JADON,3호벌크,2026-03-18,5000
GEOMJUNG,육성,2026-03-19,12000
JADON,3호벌크,2026-03-19,4000
SUNCHI,포유,2026-03-19,4000
YUKSUNG,젖돈,2026-03-19,5000
BUNMAN2,1호지대,2026-03-20,100
GEOMJUNG,육성,2026-03-20,5000
YUKSUNG,젖돈,2026-03-20,5000
IMSIN1,임신,2026-03-21,8000
IMSIN2,임신,2026-03-21,2000
JADON,3호벌크,2026-03-21,3000
YUKSUNG,젖돈,2026-03-21,3000
YUKSUNG,체인지,2026-03-21,3000
BUNMAN2,포유,2026-03-23,5000
GEOMJUNG,육성,2026-03-23,4000
JADON,3호벌크,2026-03-23,1000
JADON,2호벌크,2026-03-24,4000
YUKSUNG,젖돈,2026-03-24,6000
GEOMJUNG,육성,2026-03-25,5000
YUKSUNG,젖돈,2026-03-25,5000
JADON,3호벌크,2026-03-26,8000
JONGBU,임신,2026-03-26,5000
YUKSUNG,젖돈,2026-03-26,5000
BUNMAN1,포유,2026-03-27,5000
GEOMJUNG,육성,2026-03-27,7000
JONGBU,임신,2026-03-27,5000
YUKSUNG,체인지,2026-03-27,4000
YUKSUNG,젖돈,2026-03-28,6000
IMSIN2,임신,2026-03-30,9000
JADON,3호벌크,2026-03-30,4000
YUKSUNG,젖돈,2026-03-30,6000
GEOMJUNG,육성,2026-03-31,12000
YUKSUNG,젖돈,2026-03-31,3000
GEOMJUNG,육성,2026-04-01,5000
JADON,3호벌크,2026-04-01,5000
YUKSUNG,체인지,2026-04-01,3000
BUNMAN2,포유,2026-04-02,5000
IMSIN1,임신,2026-04-02,5000
SUNCHI,포유,2026-04-02,4000
YUKSUNG,젖돈,2026-04-02,5000
JADON,2호벌크,2026-04-03,4000
JADON,3호벌크,2026-04-03,3000
JONGBU,임신,2026-04-03,5000
BUNMAN1,포유,2026-04-04,3000
BUNMAN2,포유,2026-04-04,2000
GEOMJUNG,육성,2026-04-04,5000
JADON,3호벌크,2026-04-04,3000
YUKSUNG,젖돈,2026-04-04,5000
GEOMJUNG,육성,2026-04-06,6000
IMSIN1,임신,2026-04-06,5000
JADON,체인지,2026-04-06,3000
YUKSUNG,젖돈,2026-04-06,10000
GEOMJUNG,육성,2026-04-07,5000
JADON,3호벌크,2026-04-07,2000
GEOMJUNG,육성,2026-04-08,5000
JADON,3호벌크,2026-04-08,4000
JONGBU,임신,2026-04-08,4000
YUKSUNG,젖돈,2026-04-08,5000
IMSIN2,임신,2026-04-09,5000
GEOMJUNG,육성,2026-04-10,13000
JADON,체인지,2026-04-10,4000
YUKSUNG,젖돈,2026-04-10,5000
BUNMAN2,포유,2026-04-11,4000
GEOMJUNG,육성,2026-04-11,5000
JADON,3호벌크,2026-04-11,4000
YUKSUNG,젖돈,2026-04-11,5000
GEOMJUNG,육성,2026-04-13,6000
JADON,2호벌크,2026-04-13,4000
YUKSUNG,젖돈,2026-04-13,4000
BUNMAN1,포유,2026-04-14,5000
BUNMAN2,포유,2026-04-14,4000
GEOMJUNG,육성,2026-04-14,14000
IMSIN1,임신,2026-04-14,5000
JONGBU,임신,2026-04-14,5000
YUKSUNG,젖돈,2026-04-14,5000
BUNMAN1,1호지대,2026-04-15,50
BUNMAN2,1호지대,2026-04-15,50
IMSIN2,임신,2026-04-15,6000
JADON,체인지,2026-04-15,8000
YUKSUNG,젖돈,2026-04-15,9000
BUNMAN1,포유,2026-04-16,5000
BUNMAN2,포유,2026-04-16,4000
GEOMJUNG,육성,2026-04-16,15000
IMSIN2,임신,2026-04-16,4000
JADON,3호벌크,2026-04-16,8000
YUKSUNG,젖돈,2026-04-16,5000
BUNMAN1,포유,2026-04-17,5000
GEOMJUNG,육성,2026-04-17,5000
IMSIN1,임신,2026-04-17,8000
JADON,3호벌크,2026-04-17,4000
JONGBU,임신,2026-04-17,2000
JADON,3호벌크,2026-04-18,1000
JADON,체인지,2026-04-18,1000
YUKSUNG,젖돈,2026-04-18,10000
YUKSUNG,젖돈,2026-04-21,7000
GEOMJUNG,육성,2026-04-22,21000
JADON,2호벌크,2026-04-22,2000
JADON,체인지,2026-04-22,4000
YUKSUNG,젖돈,2026-04-22,7000
IMSIN2,임신,2026-04-23,6000
JADON,3호벌크,2026-04-23,4000
YUKSUNG,젖돈,2026-04-23,6000
GEOMJUNG,육성,2026-04-24,7000
IMSIN2,임신,2026-04-24,5000
GEOMJUNG,육성,2026-04-25,14000
JONGBU,임신,2026-04-25,3000
YUKSUNG,젖돈,2026-04-25,6000
BUNMAN1,포유,2026-04-27,6000
JADON,체인지,2026-04-27,2000
YUKSUNG,젖돈,2026-04-27,6000
BUNMAN1,포유,2026-04-28,3000
GEOMJUNG,육성,2026-04-28,24000
IMSIN1,임신,2026-04-28,5000
YUKSUNG,젖돈,2026-04-28,7000
GEOMJUNG,육성,2026-04-29,14000
IMSIN1,임신,2026-04-29,5000
IMSIN2,임신,2026-04-29,5000
JADON,2호벌크,2026-04-29,8000
JADON,3호벌크,2026-04-29,7000
JADON,체인지,2026-04-29,11000
SUNCHI,포유,2026-04-29,5000
JONGBU,임신,2026-04-30,5000
YUKSUNG,젖돈,2026-04-30,5000
JONGBU,임신,2026-05-01,3000
YUKSUNG,젖돈,2026-05-01,5000
GEOMJUNG,육성,2026-05-02,12000
YUKSUNG,젖돈,2026-05-02,5000
BUNMAN1,1호지대,2026-05-04,100
BUNMAN2,포유,2026-05-04,6000
GEOMJUNG,육성,2026-05-04,6000
YUKSUNG,젖돈,2026-05-04,6000
BUNMAN1,포유,2026-05-05,6000
GEOMJUNG,육성,2026-05-05,6000
YUKSUNG,젖돈,2026-05-05,6000
GEOMJUNG,육성,2026-05-06,8000
YUKSUNG,젖돈,2026-05-06,6000
GEOMJUNG,육성,2026-05-07,6000
IMSIN2,임신,2026-05-07,5000
JADON,체인지,2026-05-07,4000
IMSIN2,임신,2026-05-08,6000
JADON,3호벌크,2026-05-08,6000
YUKSUNG,젖돈,2026-05-08,5000
GEOMJUNG,육성,2026-05-09,14000
IMSIN1,임신,2026-05-09,6000
JONGBU,임신,2026-05-09,4000
YUKSUNG,젖돈,2026-05-09,11000
GEOMJUNG,육성,2026-05-11,10000
JADON,3호벌크,2026-05-11,5000
JADON,체인지,2026-05-11,5000
YUKSUNG,젖돈,2026-05-11,5000
BIYUK_F,육성,2026-05-12,8000
BUNMAN2,포유,2026-05-12,3000
SUNCHI,포유,2026-05-12,5000
YUKSUNG,젖돈,2026-05-12,5000
GEOMJUNG,육성,2026-05-13,6000
JADON,2호벌크,2026-05-13,4000
GEOMJUNG,육성,2026-05-14,7000
GEOMJUNG,육성,2026-05-15,22000
JONGBU,임신,2026-05-15,5000
BUNMAN2,포유,2026-05-16,6000
IMSIN1,임신,2026-05-16,4000
JADON,3호벌크,2026-05-16,2000
JADON,체인지,2026-05-16,2000
YUKSUNG,젖돈,2026-05-16,16000
BUNMAN2,포유,2026-05-18,4000
GEOMJUNG,육성,2026-05-18,8000
IMSIN1,임신,2026-05-18,6000
BIYUK_F,육성,2026-05-19,5000
BUNMAN1,1호지대,2026-05-19,100
IMSIN2,임신,2026-05-19,5000
JADON,2호벌크,2026-05-19,5000
JADON,3호벌크,2026-05-19,5000
GEOMJUNG,육성,2026-05-20,5000
IMSIN2,임신,2026-05-20,5000
YUKSUNG,젖돈,2026-05-20,5000
BUNMAN1,포유,2026-05-21,5000
GEOMJUNG,육성,2026-05-21,6000
YUKSUNG,젖돈,2026-05-21,11000
BUNMAN1,포유,2026-05-22,4000
GEOMJUNG,육성,2026-05-22,12000
JADON,체인지,2026-05-22,5000
BIYUK_F,육성,2026-05-23,5000
BUNMAN2,포유,2026-05-23,6000
GEOMJUNG,육성,2026-05-23,11000
IMSIN1,임신,2026-05-23,5000
GEOMJUNG,육성,2026-05-25,6000
JONGBU,임신,2026-05-25,4000
SUNCHI,포유,2026-05-25,3000
YUKSUNG,젖돈,2026-05-25,12000
GEOMJUNG,육성,2026-05-26,11000
YUKSUNG,젖돈,2026-05-26,6000
GEOMJUNG,육성,2026-05-27,10000
JONGBU,임신,2026-05-27,5000
BIYUK_F,육성,2026-05-28,6000
BUNMAN1,1호지대,2026-05-28,100
IMSIN2,임신,2026-05-28,3000
JADON,체인지,2026-05-28,3000
IMSIN1,임신,2026-05-29,6000
JADON,3호벌크,2026-05-29,8000
BUNMAN1,포유,2026-05-30,4000
GEOMJUNG,육성,2026-05-30,23000
BUNMAN1,포유,2026-06-01,5000
IMSIN2,임신,2026-06-01,9000
JADON,2호벌크,2026-06-01,3000
JADON,체인지,2026-06-01,3000
YUKSUNG,젖돈,2026-06-01,6000
BIYUK_F,육성,2026-06-02,10000
GEOMJUNG,육성,2026-06-02,10000
IMSIN1,임신,2026-06-02,4000
SUNCHI,포유,2026-06-02,4000
YUKSUNG,젖돈,2026-06-02,7000
JADON,3호벌크,2026-06-03,4000
GEOMJUNG,육성,2026-06-04,6000
YUKSUNG,젖돈,2026-06-04,6000
GEOMJUNG,육성,2026-06-05,11000
YUKSUNG,젖돈,2026-06-05,9000
GEOMJUNG,육성,2026-06-06,11000
JONGBU,임신,2026-06-06,4000
BIYUK_F,육성,2026-06-08,5000
BUNMAN1,포유,2026-06-08,5000
BUNMAN2,포유,2026-06-08,4000
GEOMJUNG,육성,2026-06-08,6000
JADON,3호벌크,2026-06-08,5000
IMSIN1,임신,2026-06-09,8000
JADON,2호벌크,2026-06-09,5000
JADON,체인지,2026-06-09,5000
JONGBU,임신,2026-06-09,2000
BIYUK_F,육성,2026-06-10,6000
BUNMAN2,1호지대,2026-06-10,100
GEOMJUNG,육성,2026-06-10,6000
YUKSUNG,젖돈,2026-06-10,9000
JADON,3호벌크,2026-06-11,4000
GEOMJUNG,육성,2026-06-12,12000
SUNCHI,포유,2026-06-12,5000
GEOMJUNG,육성,2026-06-13,18000
GEOMJUNG,젖돈,2026-06-13,3000
IMSIN2,임신,2026-06-13,5000
YUKSUNG,젖돈,2026-06-13,11000
BIYUK_F,육성,2026-06-15,6000
BUNMAN2,포유,2026-06-15,5000
IMSIN2,임신,2026-06-15,4000
JADON,체인지,2026-06-15,5000
BUNMAN2,포유,2026-06-16,4000
GYERYU,육성,2026-06-16,2000
YUKSUNG,젖돈,2026-06-16,5000
GEOMJUNG,육성,2026-06-17,6000
JONGBU,임신,2026-06-17,5000
BIYUK_F,육성,2026-06-18,6000
GEOMJUNG,육성,2026-06-18,10000
GEOMJUNG,젖돈,2026-06-18,4000
IMSIN1,임신,2026-06-18,5000
JADON,2호벌크,2026-06-18,4000
YUKSUNG,젖돈,2026-06-18,5000
GEOMJUNG,육성,2026-06-19,5000
IMSIN1,임신,2026-06-19,3000
YUKSUNG,젖돈,2026-06-19,5000
BIYUK_F,육성,2026-06-20,4000
GEOMJUNG,육성,2026-06-20,11000
IMSIN2,임신,2026-06-20,3000
JADON,3호벌크,2026-06-20,4000
BUNMAN1,포유,2026-06-22,3000
GEOMJUNG,육성,2026-06-22,9000
BUNMAN2,1호지대,2026-06-23,200
BUNMAN2,포유,2026-06-23,2000
GEOMJUNG,육성,2026-06-23,10000
SUNCHI,포유,2026-06-23,4000
YUKSUNG,젖돈,2026-06-23,5000
IMSIN2,임신,2026-06-24,4000
YUKSUNG,젖돈,2026-06-24,10000
BIYUK_F,육성,2026-06-25,10000
GEOMJUNG,육성,2026-06-25,6000
IMSIN1,임신,2026-06-25,5000
JADON,2호벌크,2026-06-25,4000
JADON,3호벌크,2026-06-25,4000
JADON,체인지,2026-06-25,8000
JONGBU,임신,2026-06-25,6000
GEOMJUNG,육성,2026-06-26,4000
IMSIN1,임신,2026-06-26,5000
BUNMAN1,포유,2026-06-27,1000
GEOMJUNG,육성,2026-06-27,18000
IMSIN2,임신,2026-06-27,5000
JADON,3호벌크,2026-06-27,8000
YUKSUNG,젖돈,2026-06-27,6000
BIYUK_F,육성,2026-06-29,4000
BUNMAN1,포유,2026-06-29,3000
BUNMAN2,1호지대,2026-06-29,500
GEOMJUNG,육성,2026-06-29,6000
SUNCHI,포유,2026-06-29,4000
YUKSUNG,젖돈,2026-06-29,9000
GEOMJUNG,육성,2026-06-30,10000
BIYUK_F,육성,2026-07-01,5000
BUNMAN1,포유,2026-07-01,1000
BUNMAN2,포유,2026-07-01,2000
JADON,3호벌크,2026-07-01,4000
JADON,체인지,2026-07-01,4000
GEOMJUNG,육성,2026-07-02,9000
GYERYU,육성,2026-07-02,1000
JADON,2호벌크,2026-07-02,5000
JONGBU,임신,2026-07-02,3000
YUKSUNG,젖돈,2026-07-02,5000
GEOMJUNG,육성,2026-07-03,10000
IMSIN2,임신,2026-07-03,4000
YUKSUNG,젖돈,2026-07-03,5000
BIYUK_F,육성,2026-07-04,6000
BUNMAN1,포유,2026-07-04,2000
GEOMJUNG,육성,2026-07-04,9000
BUNMAN2,포유,2026-07-06,6000
GEOMJUNG,육성,2026-07-06,5000
JADON,체인지,2026-07-06,4000
JONGBU,임신,2026-07-06,3000
SUNCHI,포유,2026-07-06,2000
BIYUK_F,육성,2026-07-07,5000
GEOMJUNG,육성,2026-07-07,10000
IMSIN1,임신,2026-07-07,4000
IMSIN2,임신,2026-07-07,4000
YUKSUNG,젖돈,2026-07-07,8000
GEOMJUNG,육성,2026-07-08,5000
IMSIN1,임신,2026-07-08,4000
GEOMJUNG,육성,2026-07-09,15000
SUNCHI,포유,2026-07-09,4000
YUKSUNG,젖돈,2026-07-09,5000
BIYUK_F,육성,2026-07-10,4000
BUNMAN1,포유,2026-07-10,3000
JADON,3호벌크,2026-07-10,4000
JADON,체인지,2026-07-10,5000
IMSIN2,임신,2026-07-11,4000
JADON,3호벌크,2026-07-11,4000
JONGBU,임신,2026-07-11,2000
SUNCHI,포유,2026-07-11,2000
YUKSUNG,젖돈,2026-07-11,5000
BIYUK_F,육성,2026-07-13,5000
BUNMAN1,포유,2026-07-13,3000
BUNMAN2,포유,2026-07-13,3000
GEOMJUNG,육성,2026-07-13,14000
IMSIN1,임신,2026-07-13,5000
JONGBU,임신,2026-07-13,6000
YUKSUNG,젖돈,2026-07-13,5000
GEOMJUNG,육성,2026-07-14,5000
GYERYU,육성,2026-07-14,1000
JADON,체인지,2026-07-14,5000
BIYUK_F,육성,2026-07-15,5000
BUNMAN2,포유,2026-07-15,3000
IMSIN2,임신,2026-07-15,4000
JADON,3호벌크,2026-07-15,4000
YUKSUNG,젖돈,2026-07-15,5000
JADON,2호벌크,2026-07-16,3000
YUKSUNG,젖돈,2026-07-16,10000
GEOMJUNG,육성,2026-07-17,12000
SUNCHI,포유,2026-07-17,4000
GEOMJUNG,육성,2026-07-18,14000
IMSIN1,임신,2026-07-18,3000
JONGBU,임신,2026-07-18,3000
YUKSUNG,젖돈,2026-07-18,3000
GEOMJUNG,육성,2026-07-20,6000
IMSIN2,임신,2026-07-20,4000
JADON,3호벌크,2026-07-20,4000
JADON,체인지,2026-07-20,4000
BUNMAN1,포유,2026-07-21,3000
BUNMAN2,포유,2026-07-21,1000
GEOMJUNG,육성,2026-07-21,5000
YUKSUNG,젖돈,2026-07-21,12000
BIYUK_F,육성,2026-07-22,10000
GEOMJUNG,육성,2026-07-22,4000
GEOMJUNG,육성,2026-07-23,10000
JADON,2호벌크,2026-07-23,3000
JONGBU,임신,2026-07-23,6000
BUNMAN1,포유,2026-07-24,3000
IMSIN2,임신,2026-07-24,4000
JADON,체인지,2026-07-24,4000
SUNCHI,포유,2026-07-24,3000
BUNMAN2,포유,2026-07-25,3000
GEOMJUNG,육성,2026-07-25,19000
IMSIN1,임신,2026-07-25,5000
JADON,3호벌크,2026-07-25,5000
BIYUK_F,육성,2026-07-27,2000
BUNMAN1,포유,2026-07-27,1000
GEOMJUNG,육성,2026-07-27,11000
IMSIN1,임신,2026-07-27,3000
JADON,3호벌크,2026-07-27,3000
JADON,체인지,2026-07-27,5000
JONGBU,임신,2026-07-27,3000
SUNCHI,포유,2026-07-27,3000
YUKSUNG,육성,2026-07-27,10000
YUKSUNG,젖돈,2026-07-27,5000
BUNMAN1,포유,2026-07-29,3000
GEOMJUNG,육성,2026-07-29,6000
GYERYU,육성,2026-07-29,1000
JADON,2호벌크,2026-07-29,8000
BIYUK_F,육성,2026-07-30,5000
BUNMAN2,포유,2026-07-30,3000
GEOMJUNG,육성,2026-07-30,5000
GEOMJUNG,육성,2026-07-31,4640
IMSIN2,임신,2026-07-31,7000
JADON,2호벌크,2026-07-31,4200
JADON,3호벌크,2026-07-31,50
JADON,체인지,2026-07-31,6970
JONGBU,임신,2026-07-31,9350
SUNCHI,포유,2026-07-31,4090
YUKSUNG,젖돈,2026-07-31,27680
GEOMJUNG,육성,2026-08-01,5000
IMSIN1,임신,2026-08-01,1000
JADON,3호벌크,2026-08-01,4000
JADON,체인지,2026-08-01,3000
JONGBU,임신,2026-08-01,3000
BIYUK_F,육성,2026-08-03,5000
GEOMJUNG,육성,2026-08-03,10000
IMSIN1,임신,2026-08-03,2100
BUNMAN1,포유,2026-08-04,1000
GEOMJUNG,육성,2026-08-04,8120
SUNCHI,포유,2026-08-04,2000
YUKSUNG,젖돈,2026-08-04,5000
GEOMJUNG,육성,2026-08-05,19000
IMSIN2,임신,2026-08-05,4000
BUNMAN2,포유,2026-08-06,3000
JADON,3호벌크,2026-08-06,4000
JONGBU,임신,2026-08-06,4000
SUNCHI,포유,2026-08-06,1000
BUNMAN2,포유,2026-08-07,3000
GYERYU,육성,2026-08-07,1000
SUNCHI,포유,2026-08-07,2000
BUNMAN1,포유,2026-08-08,3000
GEOMJUNG,육성,2026-08-08,5000
JADON,체인지,2026-08-08,4000
YUKSUNG,젖돈,2026-08-08,5000
GEOMJUNG,육성,2026-08-10,10000
YUKSUNG,젖돈,2026-08-10,4000
BUNMAN2,포유,2026-08-11,2000
GEOMJUNG,육성,2026-08-11,9000
IMSIN1,임신,2026-08-11,2000
JADON,2호벌크,2026-08-11,4000
JADON,3호벌크,2026-08-11,4000
JONGBU,임신,2026-08-11,3000
SUNCHI,포유,2026-08-11,5000
GEOMJUNG,육성,2026-08-12,10000
IMSIN1,임신,2026-08-12,4000
GEOMJUNG,육성,2026-08-13,9000
GYERYU,육성,2026-08-13,1000
JADON,체인지,2026-08-13,4000
YUKSUNG,젖돈,2026-08-13,8000
BIYUK_F,젖돈,2026-08-14,5000
BUNMAN1,포유,2026-08-14,3000
BUNMAN2,포유,2026-08-14,2000
GEOMJUNG,육성,2026-08-14,5000
IMSIN2,임신,2026-08-14,4000
JADON,3호벌크,2026-08-14,4000
BIYUK_F,젖돈,2026-08-15,5000
GEOMJUNG,육성,2026-08-15,5000
IMSIN1,임신,2026-08-15,4000
IMSIN2,임신,2026-08-15,2000
JADON,체인지,2026-08-15,4000
YUKSUNG,젖돈,2026-08-15,3000
JONGBU,임신,2026-08-17,4000
YUKSUNG,젖돈,2026-08-17,5000
BUNMAN2,포유,2026-08-18,3000
GEOMJUNG,육성,2026-08-18,10000
YUKSUNG,젖돈,2026-08-18,2000
GEOMJUNG,육성,2026-08-19,10000
SUNCHI,포유,2026-08-19,3000
BUNMAN1,포유,2026-08-20,3000
BUNMAN2,포유,2026-08-20,2000
GYERYU,육성,2026-08-20,1000
IMSIN1,임신,2026-08-20,4000
JADON,2호벌크,2026-08-20,4000
JADON,3호벌크,2026-08-20,4000
JADON,체인지,2026-08-20,4000
YUKSUNG,젖돈,2026-08-20,10000
BUNMAN1,1호지대,2026-08-21,100
BUNMAN2,1호지대,2026-08-21,100
GEOMJUNG,육성,2026-08-21,10000
IMSIN1,임신,2026-08-21,3000
IMSIN2,임신,2026-08-21,4000
YUKSUNG,육성,2026-08-21,5000
BIYUK_F,젖돈,2026-08-22,5000
BUNMAN1,포유,2026-08-22,3000
GEOMJUNG,육성,2026-08-22,8000
JONGBU,임신,2026-08-22,3000
IMSIN2,임신,2026-08-24,4000
JADON,체인지,2026-08-24,4000
YUKSUNG,젖돈,2026-08-24,5000
BIYUK_F,젖돈,2026-08-25,5000
IMSIN1,임신,2026-08-25,3000
JADON,3호벌크,2026-08-25,4000
SUNCHI,포유,2026-08-25,4000
GEOMJUNG,육성,2026-08-26,19000
GYERYU,육성,2026-08-26,1000
JADON,체인지,2026-08-26,4000
JONGBU,임신,2026-08-26,4000
YUKSUNG,젖돈,2026-08-26,4000
BIYUK_F,육성,2026-08-27,6000
GEOMJUNG,젖돈,2026-08-27,5000
JADON,2호벌크,2026-08-27,4000
YUKSUNG,젖돈,2026-08-27,5000
BUNMAN1,포유,2026-08-28,3000
BUNMAN2,포유,2026-08-28,2000
GEOMJUNG,육성,2026-08-28,4000
JADON,3호벌크,2026-08-28,4000
BUNMAN1,포유,2026-08-29,1000
BUNMAN2,포유,2026-08-29,2000
GEOMJUNG,육성,2026-08-29,5000
IMSIN1,임신,2026-08-29,4000
JADON,3호벌크,2026-08-29,4000
YUKSUNG,젖돈,2026-08-29,10000
BIYUK_F,육성,2026-08-31,5000
IMSIN1,임신,2026-08-31,3000
IMSIN2,임신,2026-08-31,4000
JADON,체인지,2026-08-31,4000
